{
  "queen_bee:root": {
    "criteria": {
      "root": "2024-06-03 05:23:16 +0200"
    },
    "done": true
  },
  "cataclysm:root": {
    "criteria": {
      "custom_test_name": "2024-06-03 05:23:16 +0200"
    },
    "done": true
  },
  "minecraft:adventure/adventuring_time": {
    "criteria": {
      "minecraft:deep_ocean": "2024-06-03 05:23:32 +0200",
      "minecraft:sparse_jungle": "2024-06-03 05:27:52 +0200",
      "minecraft:jungle": "2024-06-03 05:27:15 +0200",
      "minecraft:plains": "2024-06-03 05:23:15 +0200"
    },
    "done": false
  },
  "DataVersion": 2975
}